{"count": 882930, "bounds": {"x": [-500.0, 500.0], "y": [-500.0, 500.0], "z": [-250.0, 250.0]}, "x0": 8122.0, "point_stride_f32": 4, "vmin": 0.0, "vmax": 60.0, "vamp_min_data": 0.04172693192958832, "vamp_max_data": 564.9822387695312}